res1,rid1,area
G,A:11,786.9913884
A,A:7,767.224509415
A,A:1,762.4514363484
G,B:12,757.53174014
A,B:18,669.895626655
U,B:22,660.35466748
C,A:4,655.9319966206
G,B:19,646.0793895691
U,A:2,642.2100596509
G,B:13,639.8292129499999
A,A:3,638.001249341
A,B:17,633.70848724
A,B:14,621.7458882826
C,A:9,616.364429299872
G,B:15,613.43435728
U,A:10,596.817377435
C,B:21,595.55754787
C,A:8,594.939952622
U,B:20,573.76052909
U,B:16,555.91062751105
