residue1,residue2,area
G A:11,G A:11,390.3830372
G B:12,G B:12,380.3542528
G A:11,UNK solvent:?,355.414459
A A:1,A A:1,352.876733798
G B:13,G B:13,342.70316586
U B:22,U B:22,340.71043948
G B:19,G B:19,336.8957913291
A A:7,A A:7,336.53317567
A B:18,A B:18,330.159167
C A:4,C A:4,327.803046127
U B:22,UNK solvent:?,319.644228
A B:17,A B:17,317.31490494
G B:15,G B:15,316.1347317
A A:3,A A:3,314.1480017
C B:21,C B:21,313.26454607
A B:14,A B:14,312.981756233
U B:20,U B:20,300.07296276
U A:2,U A:2,299.112018627
C A:8,C A:8,292.27589094
G B:12,UNK solvent:?,289.227525
U B:16,U B:16,288.7256217
U A:10,U A:10,287.3746341
C A:9,C A:9,286.0683377531
C A:4,UNK solvent:?,283.4796617036
A A:1,UNK solvent:?,266.94279308
A A:7,UNK solvent:?,262.976081
A B:18,UNK solvent:?,237.213986855
U A:2,UNK solvent:?,220.065538
A B:17,UNK solvent:?,217.09597879999998
G B:19,UNK solvent:?,214.583403
C B:21,UNK solvent:?,208.48239230000001
G B:13,UNK solvent:?,206.7825275
A B:14,UNK solvent:?,205.1526893
G B:15,UNK solvent:?,200.607105009
A A:3,UNK solvent:?,197.79730234
U B:20,UNK solvent:?,195.4483628
U B:16,UNK solvent:?,193.58504
C A:8,UNK solvent:?,186.9696787
U A:10,UNK solvent:?,180.4828016
C A:9,UNK solvent:?,177.2933766
A B:14,G B:15,103.6114427496
A B:18,G B:19,102.5224728
A A:3,U A:2,101.4731325839
A B:17,A B:18,99.2976035
G B:15,U B:16,96.692520571
A A:7,C A:8,94.865763315
G B:19,U B:20,94.60019523999999
A A:3,C A:4,90.86794284999999
A B:14,G B:13,90.34351959
C A:9,U A:10,89.728091627
G B:12,G B:13,87.94996234
G A:11,U A:10,80.621861905
C B:21,U B:20,78.23920353
A A:1,U A:2,75.89649156
C B:21,U B:22,73.8106095
A B:17,U B:16,73.59996581105
C A:8,C A:9,67.874810082
A A:7,A B:17,46.5738914
G A:11,G B:12,41.1938922
A A:1,U B:22,39.298494510400005
C A:4,G B:19,38.5863156
C A:8,G B:15,34.924969
A A:3,U B:20,34.352685451
A B:14,C A:9,29.358782919772
C A:9,G B:13,28.9171804
A A:1,C B:21,27.436923399999998
G B:12,U A:10,26.550369
A A:7,U B:16,26.27559803
G B:13,U A:10,21.78771083
C B:21,U A:2,21.182697
C A:8,U B:16,10.2647959
C A:4,U B:20,6.06297319
C A:9,G B:15,4.99866
A B:14,C A:8,2.629808
A A:3,C B:21,0.835317
U A:2,U B:20,0.37667344
