{
  "n_contacts_rows": 2824,
  "n_solvent_rows": 366,
  "total_area": 13028.740473200523,
  "mean_area": 4.6135766548160495,
  "mean_distance": 3.4587037358356936
}